Game_Name,Platform
Best of Tests DS,Nintendo DS
Big Brain Academy,Nintendo DS
Body and Brain Connection,Xbox 360
Brain Age: Train Your Brain in Minutes a Day!,Nintendo DS
Brain Age 2: More Training in Minutes a Day!,Nintendo DS
Brain Age Express,Nintendo DSI
Brain Age: Concentration Training,Nintendo 3DS
Brain Assist,Nintendo DS
Brain Boost,Nintendo DS
Brain Challenge,Mobile
IntelliGym,Windows
Mind Quiz,Nintendo DS
MinDStorm,Nintendo DS
Professor Brainium's Games,Nintendo DS
Professor Kageyama's Maths Training: The Hundred Call Calculation Method,Nintendo DS
The Time Warp of Dr. Brain,Macintosh
Active Life: Explorer,Wii
Active Life: Extreme Challenge,Wii
Active Life: Outdoor Challenge,Wii
Dance on Broadway,Wii
EA Sports Active,Wii
EA Sports Active 2,Xbox 360
EA Sports Active NFL Training Camp,Wii
EyeToy: Kinetic,Playstation 2
Get Fit with Mel B,Playstation 3
Gold's Gym: Cardo Workout,Wii
The Hip Hop Dance Experience,Wii
Ingress,Android
Jackie Chan J-Mat Fitness,XaviXPORT
Jillian Michaels' Fitness Ultimatum,Wii
Kinect Adventures!,Xbox 360
Let's Yoga,Nintendo DS
Mountain Bike Rally,Super NES
My Weight Loss Coach,Nintendo DS
Nike+ Kintect Training,Xbox 360
Personal Trainer: Walking,Nintendo DS
Shape Up,Xbox One
Stadium Events,NES
Target Toss Pro: Bags,Wii
Turf,Android
Wii Fit,Wii
Wii Fit Plus,Wii
Wii Fit U,Wii U
Yoga Wii,Wii
Your Shape,Wii
Your Shape: Fitness Evovled,Xbox 360
Yourself!Fitness,Xbox
"Zombies, Run!",iOS
Zumba Fitness,Playstation 3
Zumba Fitness 2,Wii
Zumba Fitness Core,Wii
Zumba Fitness: World Party,Wii
Zumba Kids,Wii
Trauma Center,Nintendo DS
Trauma Center: New Blood,Wii
Trauma Center: Under the Knife,Nintendo DS
Trauma Center: Under the Knife 2,Nintendo DS
Trauma Team,Wii
Ben's Game,Windows
Big Pharma,Windows
Broknie the Bronchiasaurus,SNES
Captain Novolin,SNES
Hospital Tycoon,Windows
Immune Attack,PC
Life & Death,Mac OS
LifeSigns: Surgical Unit,Nintendo DS
Packy & Marlon,SNES
Plague Inc: Evolved,Xbox One
Plague Inc.,iOS
Plague Attack,Atari 2600
Rex Ronan: Experimental Surgeon,SNES
SimHealth: The National Health Care Simulation,MS-DOS
Sneeze,Internet
Surgeon Simulator,Windows
Theme Hospital,PC
Two Point Hospital,Windows
5 A Day Adventures,Windows
Journey to Wild Divine,PC