956037956392890368_,DeanHeller,41363507_,2018-01-24T00:36:25-05:00,RT @ChloeNews3LV GO KNIGHTS GO!!! üèí‚ú® @GoldenKnights http://pbs.twimg.com/media/DUSCE1rW0AAzhlX.jpg,Twitter for iPhone
956036850765922304_,MurrayCampaign,158470209_,2018-01-24T00:32:02-05:00,"Endlessly proud of the record-breaking, glass-ceiling smashing number of women who are making their voices heard and running for public office in 2018.
https://twitter.com/emilyslist/status/954829135511142400 QT @emilyslist A record number of women are running for office in 2018, and the movement won't end there. We're upending the status quo. https://www.thecut.com/2018/01/women-candidates-2018-elections.html?utm_campaign=nym&utm_source=tw&utm_medium=s1",Sprout Social
956031157711376385_,Norma4Congress,2409478435_,2018-01-24T00:09:24-05:00,RT @thehill U.S. Embassy in Haiti shuts down after anti-Trump protests erupt: http://thehill.com/blogs/ballot-box/370220-us-embassy-in-haiti-temporarily-closed-after-protests-against-trump http://pbs.twimg.com/media/DUOhz6NVQAArRCB.jpg,Twitter for iPhone
956030928521973760_,RepLouCorrea,815985039485837312_,2018-01-24T00:08:30-05:00,Thank you to everyone who came out to my #OpenHouse tonight!,Tweetbot for iŒüS
956030392750018560_,GKButterfield,432676344_,2018-01-24T00:06:22-05:00,"RT @TheWilsonTimes State dedicates bridge for Henry E. Frye, first African-American N.C. Supreme Court chief justice - http://www.wilsontimes.com/stories/overpass-dedicated-for-former-nc-chief-justice-henry-frye,111531 | Story &amp; photos courtesy of Richmond County Daily Journal #ncpol http://pbs.twimg.com/media/DURznvzWsAEj9gd.jpg http://pbs.twimg.com/media/DURzpp8XUAEni-i.jpg http://pbs.twimg.com/media/DURzrUaWsAAU5ZV.jpg",Twitter for iPhone
956030269391343616_,Norma4Congress,2409478435_,2018-01-24T00:05:53-05:00,"RT @BetoORourke Texas is not a red state. It‚Äôs a non voting state. And that‚Äôs by design. GOP leaders have drawn Hispanics &amp; African Americans out of congressional districts and, functionally, out of our democracy. Trump commission just following their lead. https://www.dallasnews.com/news/politics/2018/01/22/trumps-voter-fraud-commission-requested-texasrecords-identified-hispanic-voters",Twitter for iPhone
956029429087703043_,RepSwalwell,942156122_,2018-01-24T00:02:32-05:00,"If you were a #DREAMER and could share your experience with @realDonaldTrump, what would you say?",Twitter for iPhone
956046850301288449_,RepHartzler,237763317_,2018-01-24T01:11:46-05:00,It was a pleasure to address such a great crowd at the Audrain County @MOFarmBureau Legislative Appreciation Dinner in @CityofMexicoMO http://pbs.twimg.com/media/DUSPiUWWkAEAehv.jpg,Twitter for iPhone
956056661168476160_,auctnr1,21572351_,2018-01-24T01:50:45-05:00,"All during the #SchumerShutdown while our troops weren‚Äôt getting paid. #MAGA #ReleaseTheMemo @realDonaldTrump https://twitter.com/starsandstripes/status/956043894181056512 QT @starsandstripes Airstrikes against an Islamic State headquarters in Syria killed some 150 militants on Saturday, the U.S.-led Operation Inherent Resolve coalition announced Tuesday. https://www.stripes.com/news/middle-east/us-weekend-airstrikes-killed-some-150-islamic-state-fighters-in-syria-1.508136",Twitter for iPhone
957488877631082501_,RepTimRyan,13491312_,2018-01-28T00:41:52-05:00,RT @nowthisnews Watch how insanely easy it is to hack U.S. voting machines http://pbs.twimg.com/media/DUfN4eIUMAATB1T.jpg https://video.twimg.com/amplify_video/956959196464930816/vid/240x240/hYJCknqHAFibdHpZ.mp4,Twitter for iPhone
957487929496137728_,RepTimRyan,13491312_,2018-01-28T00:38:06-05:00,"RT @MistieMae1 What do you have to say about this, @senrobportman? We called your offices every day &amp; warned that this would happen. You insisted we were wrong. #GOPTaxScam https://twitter.com/TheRickyDavila/status/956988429723668480 QT @TheRickyDavila After pocketing a $5 billion tax cut from the GOP Tax Scam, Pfizer decided to end all of its Alzheimer's and Parkinson's research. Then they did exactly as it was predicted, they fired 300 scientists and used that money to buy back their stocks.
http://pbs.twimg.com/ext_tw_video_thumb/955968824431468544/pu/img/S4vMUbaRljKBSIkL.jpg https://video.twimg.com/ext_tw_video/955968824431468544/pu/vid/240x240/pd6LVgPtyCfMI6Ut.mp4",Twitter for iPhone
957487153717633024_,MurrayCampaign,158470209_,2018-01-28T00:35:01-05:00,"We must keep holding the Trump Administration accoundable. I plan on doing everything in my power to ensure that HHS Secretary Azar puts our public health before politics and partisanship.
https://twitter.com/NARAL/status/956604395839459329 QT @NARAL Alex Azar is the new Secretary of HHS, and anti-choice groups are excited about his confirmation. http://time.com/5117503/alex-azar-health-human-services/ #SayNoToAzar",Sprout Social
957483903706714112_,dccc,14676022_,2018-01-28T00:22:06-05:00,"RT @dccc We have a message for Trump and his heartless GOP: 

You don't get to abruptly terminate DACA, then hold those young DREAMers hostage to fund your hateful, bigoted, $25 billion wall ‚Äî the one you promised Mexico would pay for. http://pbs.twimg.com/media/DUf9cFTVwAAD2Er.jpg",Twitter Web Client
957481778914078720_,JohnCornyn,13218102_,2018-01-28T00:13:39-05:00,"RT @DavidMDrucker In dinner panel during on Night 1 of Koch conference, @JohnCornyn, @ThomTillis, defend #NAFTA: ‚ÄúOur country benefits tremendously from free trade and we need to continue to tell that story.‚Äù",Twitter for iPad
957481720885886978_,JohnCornyn,13218102_,2018-01-28T00:13:26-05:00,"RT @PatrickSvitek Hours after Koch network says it'll spend $20M to promote GOP tax bill, @JohnCornyn says he's heartened by the commitment. ‚ÄúWe‚Äôre going to have to continue to combat the misinformation and the naysayers that want this to fail.""",Twitter for iPad
957481518988804096_,JohnCornyn,13218102_,2018-01-28T00:12:37-05:00,"RT @PatrickSvitek .@JohnCornyn on Trump's SOTU: ""I hope he talks about the accomplishments of 2017 because I think by any measure this has really been a historic year. ... I don't think the press gives him much credit.""",Twitter for iPad
957481419135045633_,JohnCornyn,13218102_,2018-01-28T00:12:14-05:00,"RT @DavidMDrucker ""I don't think the press by and large gives the president credit"" for his accomplishments. @JohnCornyn (It should be said, Cornyn is among most accessible senator on Hill)",Twitter for iPad
957478640962473991_,dccc,14676022_,2018-01-28T00:01:11-05:00,"RT @dccc 1 year ago, thousands of Americans flooded airports to reject Trump's Muslim ban and stand with their brothers and sisters from different faiths. They sent this President a clear, but powerful message:

We will NOT let you sow divisions of hatred between us. #NoMuslimBanEver http://pbs.twimg.com/media/DUjgpUfWAAEQtpF.jpg",Twitter Web Client
959298139285942273_,CongressmanRaja,814179031956488192_,2018-02-02T00:31:13-05:00,"@donlemon So sorry to hear that, Don.",Twitter for iPhone
959297547159330816_,RepRoybalAllard,479872233_,2018-02-02T00:28:52-05:00,Enjoyed a great dinner with my district staff at #GauchoGrill in #Downey! #ShopAndEatLocal http://pbs.twimg.com/media/DVAcA-KV4AA2IbB.jpg,Twitter for iPhone
959297262806384640_,TeamPelosi,2461810448_,2018-02-02T00:27:44-05:00,"Yes she did. 

And yes, we will continue to expose it for what it is: an atrocious #GOPTaxScam that raises taxes on millions while handing the top 1% with 83% of the profits and destroying Social Security and Medicare. https://twitter.com/masslivenews/status/959194703160926208 QT @masslivenews Minority Leader Nancy Pelosi slams GOP tax law at Cambridge event http://www.masslive.com/politics/index.ssf/2018/02/minority_leader_nancy_pelosi_s.html#incart_river_home",Twitter for iPhone
959296073062760448_,MurrayCampaign,158470209_,2018-02-02T00:23:01-05:00,"This Administration‚Äôs inhumane deportation agenda is tearing families apart. It‚Äôs shameful.
https://twitter.com/Slate/status/958799526239797249 QT @Slate ICE is out of control: https://slate.trib.al/ZEMnSIh http://pbs.twimg.com/media/DU5XFffXkAYsLMe.jpg",Sprout Social
959295757118423040_,amyklobuchar,33537967_,2018-02-02T00:21:46-05:00,Thanks to all the security and law enforcement here in the cold for the Super Bowl!  And (since it is a good day to stand up for the FBI) thanks to the FBI agents in MN and across the country who protect us every day.,Twitter for iPhone
959292070526464001_,TeamPelosi,2461810448_,2018-02-02T00:07:07-05:00,"RT @meredithk27 .@RepJoeKennedy's vision made me proud to be a young Democrat, but prouder to be fighting to elect the next generation of leaders for our party. 

In 2019, the #SOTU audience will have more Democrats with records of service &amp; bright futures.

DETAILS: https://redtoblue.dccc.org/",Twitter for iPhone
959291220466974721_,VetAffairsDems,151519500_,2018-02-02T00:03:44-05:00,"Two words that should never be uttered together in this country are ‚Äúdeported veteran.‚Äù @RealDonaldTrump, this is a disgusting way to treat a #veteran who selflessly put his life on the line to defend us. This is a disgrace. https://twitter.com/spencerwoodman/status/959096298300411906 QT @spencerwoodman ICE has arrested a U.S. army veteran who served two tours of duty in Afghanistan and has two U.S. citizen children. His name is Miguel Perez Jr. and he has lived in the U.S. since he was 8 years old http://www.chicagotribune.com/news/local/breaking/ct-met-green-card-veteran-hunger-strike-20180131-story.html",Twitter for iPhone
959290784536285186_,RoKhanna,771152516_,2018-02-02T00:02:00-05:00,"Guantanamo Bay has been the home to torture, mistreatment, and indefinite detainment of prisoners ever since it was opened during the Bush years. Keeping this horrible prison open despite these human rights abuses goes against everything America stands for.",TweetDeck
959314955727077376_,RepSwalwell,942156122_,2018-02-02T01:38:03-05:00,"RT @MSNBC ""The name of the person on the door is the person responsible"": Rep. Swalwell said the White House worked with Rep. Devin Nunes in the creation of a controversial memo. 
 https://trib.al/LPOFZa8",Twitter for iPhone
957847711298056192_,auctnr1,21572351_,2018-01-29T00:27:44-05:00,"RT @nbcwashington Girl, 12, still in hospital one month after police say a carjacking suspect rammed into a family's minivan in Herndon, Virginia https://www.nbcwashington.com/news/local/12-Year-Old-Girl-Still-in-Hospital-Month-After-Suspect-Rammed-Into-Familys-Van-471587194.html?_osource=SocialFlowTwt_DCBrand http://pbs.twimg.com/media/DUrzui8W0AEUMOo.jpg",Twitter for iPhone
957847540476628992_,auctnr1,21572351_,2018-01-29T00:27:04-05:00,"RT @LifeNewsHQ If You‚Äôve Had an Abortion, You‚Äôre Forgiven. Trust Me, I Was Almost Aborted http://www.lifenews.com/2014/07/28/if-youve-had-an-abortion-youre-forgiven-trust-me-i-was-almost-aborted/?utm_content=buffera313b&utm_medium=social&utm_source=twitter.com&utm_campaign=buffer http://pbs.twimg.com/media/DUrz4JNXkAE7yoM.jpg",Twitter for iPhone
957847237261955074_,auctnr1,21572351_,2018-01-29T00:25:51-05:00,RT @deplorablem1ke @FoxNews Big words coming from a little man under his school desk. If you have something to say.. SayItToTheirFace http://pbs.twimg.com/media/DUrPNmtVMAACwXG.jpg,Twitter for iPhone
957846914728280064_,RepJayapal,815733290955112448_,2018-01-29T00:24:35-05:00,It was an honor join faith leaders and speak on the first anniversary of the #NoMuslimBanEver airport protests today at MAPS in Redmond. Read my remarks here: https://medium.com/@RepJayapal/maps-faithoverfear-remarks-86dfac0dd738 http://pbs.twimg.com/media/DUr0sB6UMAQ5AcS.jpg,Twitter for Android
957846384471957504_,auctnr1,21572351_,2018-01-29T00:22:28-05:00,"RT @AnnCoulter Hey, West Virginia!  Sen. Manchin just said illegal immigration isn't an issue in http://W.VA.  90% of heroin comes from Mexico. Is that an issue your senator might care about?  http://www.dailymail.co.uk/news/article-4472758/Inside-America-s-worst-heroin-epidemic.html",Twitter for iPhone
957846322975006720_,auctnr1,21572351_,2018-01-29T00:22:13-05:00,"RT @LouDobbs Schumer &amp; Dimms don't see a Mexico problem, but Mexico does:  Mexico to send in troops to try to control cartel wars https://ca.news.yahoo.com/least-25-killed-mexico-over-bloody-weekend-191833147.html?soc_src=social-sh&soc_trk=tw #MAGA @realDonaldTrump #TrumpTrain #AmericaFirst #Dobbs",Twitter for iPhone
957846258382761984_,auctnr1,21572351_,2018-01-29T00:21:58-05:00,"RT @LiveAction A movie, designed to set history straight on abortion, is reportedly being blocked from crowdfunding efforts by Facebook. https://www.liveaction.org/news/facebook-blocks-crowdfunding-abortion-movie/?utm_content=66310175&utm_medium=social&utm_source=twitter",Twitter for iPhone
957846206985723904_,auctnr1,21572351_,2018-01-29T00:21:46-05:00,"RT @nbcwashington Debate over regulating home schools revived since 13 siblings found starved, neglected and abused in California https://www.nbcwashington.com/news/national-international/Case-of-Tortured-Perris-Kids-Revives-Home-School-Regulation-Debate-471536574.html?_osource=SocialFlowTwt_DCBrand",Twitter for iPhone
957846116757921793_,auctnr1,21572351_,2018-01-29T00:21:24-05:00,"RT @CBSThisMorning The name of @Logic301's song he's performing is ""1-800-273-8255."" That's also the number for the National Suicide Prevention Lifeline.

Retweet to help save a life.  

@800273TALK #GRAMMYs http://pbs.twimg.com/ext_tw_video_thumb/957824648086937600/pu/img/_gqFhcH-OFiCePKg.jpg https://video.twimg.com/ext_tw_video/957824648086937600/pu/vid/320x180/19tVIxwBY6dc_7Wi.mp4",Twitter for iPhone
956397768494399491_,RepHanabusa,235373000_,2018-01-25T00:26:11-05:00,Talking about politics and governing in the era of Trump with @EJDionne &amp; Bill Dorman from @wearehpr Mahalo to the @DKIInstitute for hosting this important discussion. http://pbs.twimg.com/media/DUXOspJV4AAJF8J.jpg,Twitter for iPhone
956396556390772736_,RepHanabusa,235373000_,2018-01-25T00:21:22-05:00,"RT @DKIInstitute ""Will the Trump Administration Renew American Democracy?"" About to begin our Pau Hana Event w/@EJDionne, @rephanabusa @ThePublicSquare &amp; @wearehpr. #inouye http://pbs.twimg.com/media/DUXFTZVVQAE_MiB.jpg",Twitter for iPhone
956393702632624129_,MurrayCampaign,158470209_,2018-01-25T00:10:02-05:00,"It‚Äôs disgraceful that community health centers are still not funded. Patients and families from every corner of this country depend on these centers for basic care, and putting their health care in jeopardy is not an option. We need to act now.",Sprout Social
956392740417409024_,SenBooker,2167097881_,2018-01-25T00:06:12-05:00,"RT @CoryBooker I was astonished today that a Trump fed judge nominee couldn't answer my questions re: whether he believed implicit racial bias exists in our criminal justice system, saying that even as a former trial judge, he's unfamiliar with the abundance of empirical evidence on this topic. http://pbs.twimg.com/amplify_video_thumb/956288016091267072/img/N58LaqAb4eH2GanJ.jpg https://video.twimg.com/amplify_video/956288016091267072/vid/240x240/ESQXCIBol5Y-obTZ.mp4",Twitter for Android
956392109996568576_,RepRickLarsen,404132211_,2018-01-25T00:03:42-05:00,RT @WNE_GoldenBears 77 Golden Bear Student-Athletes Earn CCC Academic All-Conference Honors https://fb.me/KDIIdJEu,Twitter for Android
956392087208914945_,RepRickLarsen,404132211_,2018-01-25T00:03:37-05:00,"RT @WNEPeerAdvisors Come visit the Peer Advisors at our table outside the gazebo for some hot chocolate! We will be here from 12:30-2pm through Friday, when applications are due! http://pbs.twimg.com/media/DUUsx1rX4AEhtIY.jpg",Twitter for Android
956391796426395649_,BarbaraComstock,37481291_,2018-01-25T00:02:27-05:00,"Joined an enthusiastic crowd tonight @loudounbrewing in support for @Thiel4Leesburg who is running for Leesburg Town Council. For more information on Josh and how you can support him, join me in contributing: https://www.thielforleesburg.com/ http://pbs.twimg.com/media/DUXI7NgW4AAL1bf.jpg",Twitter Web Client
956406096838778881_,RepKarenBass,239949176_,2018-01-25T00:59:17-05:00,RT @OfficialCBC http://www.blackpressusa.com/opinion-one-year-of-trump-what-weve-lost-and-what-weve-learned/ - OPINION: One Year of Trump: What We‚Äôve Lost and What We‚Äôve Learned,Twitter for iPhone
956403919135170560_,mattgaetz,58579942_,2018-01-25T00:50:38-05:00,The dark side of the moon. Best album ever? Definitely in my top 5. https://twitter.com/drumpfinlove/status/956395728338931712 QT @DrumpfInLove @mattgaetz Gaetz next on your list get us the truth about the alien space station on the dark side of the moon.,Twitter for iPhone
960032244134903813_,DeanHeller,41363507_,2018-02-04T01:08:18-05:00,Loved seeing everyone at our hometown Lincoln Day dinner tonight in Lyon County! #HomeMeansNevada http://pbs.twimg.com/media/DVK4NUaVwAAWZrH.jpg http://pbs.twimg.com/media/DVK4NUvVMAAXMqr.jpg http://pbs.twimg.com/media/DVK4NU-U0AANrdX.jpg,Twitter for iPhone
960031681984921600_,ScottPetersSD,292594517_,2018-02-04T01:06:04-05:00,@DSmithShow Begrudging congratulations,Twitter for iPhone
960030447895023617_,BillCassidy,55677432_,2018-02-04T01:01:09-05:00,"RT @Saints This marks the first time an @NFL team has swept the Rookie of the Year awards since Detroit's Mel Farr and Lem Barney did it in 1967

Congrats @A_kamara6 and @shonrp2! #Saints #NFLHonors http://pbs.twimg.com/media/DVJo_g-WsAENlnK.jpg",Twitter for iPhone
960028091438510080_,RepBillFlores,237312687_,2018-02-04T00:51:48-05:00,"RT @GOP ""I'm sure glad we have this new tax law...It's helped everybody."" 
Here's what Carl in New Hampshire has to say about tax cuts. Send your video here: http://paycheckpresident.com http://pbs.twimg.com/ext_tw_video_thumb/959894012743372800/pu/img/Ida-xUHzfcZhTzMo.jpg https://video.twimg.com/ext_tw_video/959894012743372800/pu/vid/180x320/vrKZ6_RFaMw4joWS.mp4",Twitter for iPhone
960028010689781760_,RepBillFlores,237312687_,2018-02-04T00:51:28-05:00,RT @VP This year‚Äôs #BlackHistoryMonth theme ‚ÄúAfrican Americans in Times of War‚Äù honors &amp; thanks the generations of African Americans who have defended &amp; died for America. This month &amp; every month we celebrate the extraordinary contributions of African Americans to our Nation‚Äôs greatness,Twitter for iPhone
960027782796296194_,RoKhanna,771152516_,2018-02-04T00:50:34-05:00,@CoreyECohen Thanks. Respect your perspective. I just think it should be part of the final negotiations.,Twitter for iPhone
960027646460678144_,Flores4Congress,97171189_,2018-02-04T00:50:02-05:00,RT @VP This year‚Äôs #BlackHistoryMonth theme ‚ÄúAfrican Americans in Times of War‚Äù honors &amp; thanks the generations of African Americans who have defended &amp; died for America. This month &amp; every month we celebrate the extraordinary contributions of African Americans to our Nation‚Äôs greatness,Twitter for iPhone
960027544744550400_,Flores4Congress,97171189_,2018-02-04T00:49:37-05:00,RT @PressSec Millions of Americans already receiving Trump tax cut bonuses or pay raises but remember the tax cuts kick in this month so #CheckYourCheck #TaxCutsandJobsAct http://pbs.twimg.com/media/DVJRUYdXkAEHttk.jpg,Twitter for iPhone
960027493548904448_,Flores4Congress,97171189_,2018-02-04T00:49:25-05:00,"RT @GOP ""I'm sure glad we have this new tax law...It's helped everybody."" 
Here's what Carl in New Hampshire has to say about tax cuts. Send your video here: http://paycheckpresident.com http://pbs.twimg.com/ext_tw_video_thumb/959894012743372800/pu/img/Ida-xUHzfcZhTzMo.jpg https://video.twimg.com/ext_tw_video/959894012743372800/pu/vid/180x320/vrKZ6_RFaMw4joWS.mp4",Twitter for iPhone
960386678518005760_,PramilaJayapal,193441812_,2018-02-05T00:36:41-05:00,"Amazing event tonight w/women champions @MsJodieEvans, @Janefonda &amp; Lauren Hutton. Dreaming &amp; acting for #NoWar,  #OneFairWage,  #ImmigrationReform,  &amp; creating a real democracy. Hopeful! http://pbs.twimg.com/media/DVP6lw4UMAAYaVQ.jpg",Twitter for iPhone
960385500568850432_,MurrayCampaign,158470209_,2018-02-05T00:32:01-05:00,"Auctioning off Washington state‚Äôs coastlines to the highest bidder will have devastating consequences for our environment and our economy. For the sake of future generations, we need to fight back to protect our planet.",Sprout Social
960381298169864192_,RepDwightEvans,90639372_,2018-02-05T00:15:19-05:00,RT @BrianDawkins Repeat after me.... THE PHILADELPHIA EAGLES ARE WORLD CHAMPIONS!! #FlyEaglesFly,Twitter for iPhone
960381108478193669_,RepSwalwell,942156122_,2018-02-05T00:14:33-05:00,"Absolutely fired up for #WinterOlympics2018, #teamusa &amp; @lindseyvonn! https://twitter.com/lindseyvonn/status/959512693911810048 QT @lindseyvonn Can‚Äôt wait! üôèüèª  http://time.com/5127867/olympics-2018-lindsey-vonn-super-bowl-commercial/?amp=1",Twitter for iPhone
960379206134849536_,RoKhanna,771152516_,2018-02-05T00:07:00-05:00,"It‚Äôs no surprise that only 2 percent of Americans say they‚Äôve received a bonus or raise from the tax bill. Instead of giving $1.5 trillion to corporations and shareholders, we should expand the EITC to give that money directly to the American people.",TweetDeck
960423988227903488_,RepTedLieu,3044993235_,2018-02-05T03:04:57-05:00,RT @amjoyshow Rep. @TedLieu: ‚ÄòPeople would take to the streets‚Äô if #RodRosenstein is fired http://www.msnbc.com/am-joy/watch/memo-doesn-t-give-trump-cause-to-fire-rosenstein-1153507907576?cid=sm_npd_ms_tw_jy via @amjoyshow,Twitter for iPhone
960460423098261512_,RoKhanna,771152516_,2018-02-05T05:29:44-05:00,@skains_corey Thnx you too,Twitter for iPhone
960482370313969664_,marcorubio,15745368_,2018-02-05T06:56:56-05:00,"RT @TeamMarco ""@marcorubio is trying to marshal Republicans behind a plan that would neither impose a mandate on employers nor raise taxes to pay for it ‚Äî two hurdles that have long halted the GOP from embracing paid family leave."" https://www.politico.com/story/2018/02/04/rubio-ivanka-trump-family-leave-385050",Twitter Web Client
960477323291189248_,JohnCornyn,13218102_,2018-02-05T06:36:53-05:00,Same high school as Drew Brees https://twitter.com/JohnCornyn/status/960474077839413249 QT @JohnCornyn Westlake High School grad https://twitter.com/fubarnator/status/960369030648487936,Twitter Web Client
960742094607405056_,RepJayapal,815733290955112448_,2018-02-06T00:08:59-05:00,"RT @BlackGirlMagix #BlackHistoryMonth
Today, teach your children about Ruby Bridges. She was the first black child to attend at all-white public elementary school in the South.

She's only 63. Only, 63. http://pbs.twimg.com/media/DVI1spnWAAEK5iA.jpg",Twitter for iPad
960741911492472832_,RepJayapal,815733290955112448_,2018-02-06T00:08:16-05:00,"The Trump Administration‚Äôs attempts to destroy our planet may not just be wrong, obtuse &amp; tone-deaf to science‚Äîthey could also be illegal. https://www.nytimes.com/2018/01/31/climate/trump-zinke-environmental-rollback.html",Twitter for iPad
960765101946097664_,LacyClayMO1,584912320_,2018-02-06T01:40:25-05:00,"#TrayvonMartin should be enjoying his birthday, but he‚Äôs not. No young African American should die because of the #racist #brutality of others and their power to perpetuate it.  We will remember, and we will fight for change. #BlackLivesMatter #criminaljusticereform http://pbs.twimg.com/media/DVVSxKeW0AAufb8.jpg",Twitter for iPad
960762916847980544_,LacyClayMO1,584912320_,2018-02-06T01:31:44-05:00,"RT @KamalaHarris The decision to rescind DACA is part of a much broader attempt to target immigrants. This Administration has ignited anti-immigrant sentiment, characterizing immigrants as rapists, murderers &amp; people who are going to steal American jobs. That could not be further from the truth.",Twitter for iPad
960762815459053568_,LacyClayMO1,584912320_,2018-02-06T01:31:19-05:00,"RT @NBCPolitics Rep. Schiff hits back at President Trump for morning tweet calling him ""one of the biggest liars and leakers in Washington"" http://pbs.twimg.com/media/DVR0hqQU0AArydU.jpg",Twitter for iPad
960762201224241152_,LacyClayMO1,584912320_,2018-02-06T01:28:53-05:00,RT @MartyMurrayJr Come join @LacyClayMO1 and @keithellison this Saturday for a discussion on Raising the Minimum Wage. http://pbs.twimg.com/media/DVVC9U6VoAAiz4I.jpg,Twitter for iPad
960800211236016130_,auctnr1,21572351_,2018-02-06T03:59:55-05:00,.@BassProShops gets free publicity as people react to @jtimberlake   #SuperBowl outfit http://www.news-leader.com/story/news/local/ozarks/now/2018/02/05/bass-pro-gets-free-publicity-people-react-justin-timberlakes-super-bowl-outfit/307723002/ via @springfieldNL,Twitter for iPhone
960798043158274048_,auctnr1,21572351_,2018-02-06T03:51:18-05:00,RT @nytimesworld Two incendiary videos show Syrian militants mocking the mutilated corpse of a female Kurdish fighter https://trib.al/JsZaKL5,Twitter for iPhone
960797879341408263_,auctnr1,21572351_,2018-02-06T03:50:39-05:00,RT @AP Indian fake doctor infects 21 with HIV with tainted syringes. https://apnews.com/f22a47d13b2c455db74dc91463132388/Indian-fake-doctor-infects-21-with-HIV-with-tainted-syringes?utm_campaign=SocialFlow&utm_source=Twitter&utm_medium=AP,Twitter for iPhone
961115582111342592_,JaredHuffman,334894942_,2018-02-07T00:53:06-05:00,"Proud to be featured, along with 2 great congressional colleagues @carbajalsalud and @CardenasforCA. in the UCSB alumni magazine.  Go Gauchos! #UCSB  http://ucsbalum.com/Coastlines/2018/winter/feature_three_gauchos",Twitter Web Client
961114449666027520_,TeamPelosi,2461810448_,2018-02-07T00:48:36-05:00,"RT @JayCarney Good time to recall that in the previous administration, we NEVER boasted about the stock market -- even though the Dow more than doubled on Obama's watch -- because we knew two things: 1) the stock market is not the economy; and 2) if you claim the rise, you own the fall.",Twitter Web Client
961110306809409538_,GT_TeamGT,304138251_,2018-02-07T00:32:08-05:00,"Thanks to the 40,000+ homes who participated in Tuesday night's Team GT Tele-Town Hall call! Our next call is... https://fb.me/GJBOQYOd",Facebook
961109922875363328_,LacyClayMO1,584912320_,2018-02-07T00:30:36-05:00,"We can lift over 350K fellow Missourians out of poverty if we #raisethewage Don‚Äôt miss my #RaiseTheWage Town Hall mtg this Sat in #Ferguson 11AM at Wellspring Church. Special guest, @DNC Deputy Chair @RepKeithEllison @MoDemParty Join the drive for #economicjustice http://pbs.twimg.com/media/DVaMYUlWsAApW9d.jpg",Twitter for iPad
961109839203196929_,jaredpolis,15361570_,2018-02-07T00:30:16-05:00,"RT @PolisForCO ""Jared is a smart public servant who fights for education, civil rights, smart tax policy, and accountability in government."" Join us ‚û°Ô∏è http://polisforcolorado.com/volunteer/ #TeamJared http://pbs.twimg.com/media/DVENmWzUMAMmF3M.jpg http://pbs.twimg.com/media/DVENqZNUQAIiyTF.jpg",Twitter for iPhone
961108513694126080_,MurrayCampaign,158470209_,2018-02-07T00:25:00-05:00,"RT if you agree: the quality of a child‚Äôs education shouldn‚Äôt be dictated by how much money their parents make. Every student and family in this country, regardless of income, deserves access to high-quality public education.",Sprout Social
961105657628909569_,ToddRokitaIN,110456022_,2018-02-07T00:13:39-05:00,"RT @WOWOpatmiller .@ToddRokitaIN on the State of the Union address, Nancy Pelosi, and out of touch Democrats https://www.wowo.com/congressman-todd-rokita-8/",Twitter Web Client
961105511453286401_,jaredpolis,15361570_,2018-02-07T00:13:05-05:00,@AndyRose12  http://pbs.twimg.com/tweet_video_thumb/DVaIW9dX0AA15hI.jpg https://video.twimg.com/tweet_video/DVaIW9dX0AA15hI.mp4,Twitter for iPhone
961103353492246529_,CAPAC,192955168_,2018-02-07T00:04:30-05:00,RT @NILC_org ‚ÄúChain-migration‚Äù is an anti-immigrant and racially-charged slur. It‚Äôs called family-based immigration and it has made our country stronger for decades. #HereToStay https://twitter.com/realDonaldTrump/status/960907362109452288 QT @realDonaldTrump We need a 21st century MERIT-BASED immigration system.  Chain migration and the visa lottery are outdated programs that hurt our economic and national security. https://www.whitehouse.gov/articles/national-security-threats-chain-migration-visa-lottery-system/,Twitter for iPhone
956765784398680065_,RepKihuen,816282029276938240_,2018-01-26T00:48:33-05:00,"Great evening with friends at the @AIPAC Las Vegas dinner. It was a pleasure meeting Avi Issacharoff &amp; Lior Raz, co-creators of @FaudaOfficial. #AIPACDinner http://pbs.twimg.com/media/DUcdZ_sVMAEc5vE.jpg http://pbs.twimg.com/media/DUcdZ_xVoAArp46.jpg http://pbs.twimg.com/media/DUcdZ_sVQAAFvYp.jpg",Twitter for iPhone
956763743420952576_,tedlieu,21059255_,2018-01-26T00:40:26-05:00,"Will be on @TheOpposition with @JordanKlepper tonight on @ComedyCentral at 11:30 pm PT. You will laugh, you will cry and you will not want to release any memos. http://pbs.twimg.com/media/DUcbiprV4AAuOzp.jpg",Twitter for Android
956758853793677313_,MurrayCampaign,158470209_,2018-01-26T00:21:01-05:00,"It‚Äôs pretty simple: reproductive health care is health care. Every person who needs it should have access to quality reproductive health care -- including safe, legal abortion -- no matter how much money they have or where they live.",Sprout Social
956757040419938306_,tedlieu,21059255_,2018-01-26T00:13:48-05:00,"If @realDonaldTrump didn't back down from his order to fire Mueller, not only would McGahn have resigned, but Deputy AG Rosenstein would have resigned. @POTUS would have needed to keep firing people until someone agreed to carry out his order.

Does this remind you of anyone? https://twitter.com/kylegriffin1/status/956739733090119680 QT @kylegriffin1 New details from WaPo: ‚ÄúTrump‚Äôs ire at Mueller rose to such a level‚Äù that Bannon and Priebus grew ‚Äúincredibly concerned‚Äù that he was going to fire Mueller and ‚Äúsought to enlist others to intervene with the president, according to a Trump adviser...‚Äù https://www.washingtonpost.com/politics/trump-moved-to-fire-mueller-in-june-bringing-white-house-counsel-to-the-brink-of-leaving/2018/01/25/9184a49e-0238-11e8-bb03-722769454f82_story.html?utm_term=.a42c5766c510",Twitter for Android
956755507703771147_,RepBarragan,816833925456789505_,2018-01-26T00:07:43-05:00,"Tonight, I joined my staff and volunteers in #Compton for the 2018 @LAHomelessCount. TY to all the volunteers across #LACounty for helping to gather this critical data. Your commitment to count will make a real difference for our homeless neighbors. #CA44 http://pbs.twimg.com/media/DUcUDwwUQAAysE0.jpg",Twitter for iPhone
956754791257919489_,auctnr1,21572351_,2018-01-26T00:04:52-05:00,.@RepJoeKennedy to deliver #Democrats' State of the Union response via @POLITICO for iOS https://www.politico.com/story/2018/01/25/state-union-2018-joe-kennedy-response-370845 http://pbs.twimg.com/media/DUcTaU6VQAIzSN2.jpg,Twitter for iPhone
956754572961132545_,RoKhanna,771152516_,2018-01-26T00:04:00-05:00,The fact that 0.5 percent of donors provided half of the donations in 2016 shows how lopsided our campaign finance system is. It's time to balance the scales. My Democracy Dollars bill would give every American citizen up to $100 to contribute to political candidates. http://pbs.twimg.com/media/DUburWMV4AAI3Go.jpg,TweetDeck
956773614359121920_,LacyClayMO1,584912320_,2018-01-26T01:19:40-05:00,"RT @LacyClayMO1 #TrumpRussia the #coverup is falling apart Trump Ordered Mueller Fired, but Backed Off When White House Counsel Threatened to Quit, via @nytimes #ObstructionOfJustice #AbuseOfPower #MuellerTime  https://www.nytimes.com/2018/01/25/us/politics/trump-mueller-special-counsel-russia.html?smprod=nytcore-ipad&smid=nytcore-ipad-share",Twitter for iPad
956773018147180544_,LacyClayMO1,584912320_,2018-01-26T01:17:18-05:00,RT @JasonKander Sign me up. https://twitter.com/brianschatz/status/956709839056457728 QT @brianschatz I just want to invite anyone who feels disgusted by this to join the coalition of the sane and help us take the country back. We can fight over the other stuff later. We have to do this thing together. Please.,Twitter for iPad
958212683815374848_,MurrayCampaign,158470209_,2018-01-30T00:38:01-05:00,Leah turned her own painful experience into a personal mission to ensure others who experience sexual assault have the resources they need when they seek help. I‚Äôm amazed by Leah‚Äôs dedication &amp; I couldn‚Äôt be prouder to help lift up her voice in Congress.  http://komonews.com/news/local/local-sexual-assault-survivor-to-join-sen-patty-murray-in-dc-for-sotu,Sprout Social
958210704472977408_,tedlieu,21059255_,2018-01-30T00:30:09-05:00,"I read the Democratic House Intel memo. It OBLITERATES the #NunesMemo. How can you tell? Because the Republicans won't release the Democratic memo.

#ReleaseTheMemo https://twitter.com/GovCTW/status/958155323143008256 QT @GovCTW The #Republican push to release the #NunesMemo, without also releasing the Democrat counter memo and without letting the DOJ review it first, speaks to the need for the new #taskforce that @PreetBharara and I announced today in @USATODAY. Rule of law matters.",Twitter for Android
958210341695119361_,ericswalwell,377609596_,2018-01-30T00:28:42-05:00,Worried Republicans are driving our democracy off a cliff with their #releasethememo conspiracy campaign? Fight back now. Register a friend to vote. Volunteer for a campaign. We‚Äôre taking back our country (and the House). #UniteResistReclaim,Twitter for iPhone
958204123815358464_,RoKhanna,771152516_,2018-01-30T00:04:00-05:00,American foreign policy has been based on the interventionist worldview of Henry Kissinger for far too long. We should return to the principles of George Washington and John Quincy Adams by pushing for restraint and diplomacy.,TweetDeck
958203734735179776_,JacksonLeeTX18,80612021_,2018-01-30T00:02:27-05:00,"""All they wanted to do was to make us proud. All they wanted to do was show the strength of women and the resolve of women,"" said Rep. Sheila Jackson Lee, D-Texas https://twitter.com/sinow/status/958191820814548994 QT @SInow The Larry Nassar scandal has prompted the U.S. House of Representatives to pass a bill designed to prevent future similar situations https://trib.al/BhxT5tO",Twitter for iPhone
958231091999014912_,LacyClayMO1,584912320_,2018-01-30T01:51:10-05:00,RT @carlbernstein We may look back on tonight as the Monday Night Slaughter of the administration of justice in the United States.,Twitter for iPad
958231045576544256_,LacyClayMO1,584912320_,2018-01-30T01:50:58-05:00,RT @MoveOn .@womensmarch's @paolamendoza at the #PeoplesSOTU will work to register 1M new voters w/ #PowerToThePolls. #Vote2018 #Resist &amp; win. WATCH: http://peoplessotu.org http://pbs.twimg.com/media/DUwMJ73VAAAWl0V.jpg,Twitter for iPad
958231011137150976_,LacyClayMO1,584912320_,2018-01-30T01:50:50-05:00,"RT @CharlesMBlow Let me throw down the gauntlet NOW: If anyone comes on my tv tomorrow night after the SOTU saying whatever speech Trump READS somehow makes his sound good/presidential/unifying, I‚Äôm turning you off and never listening again.",Twitter for iPad
958223779469066240_,RepJayapal,815733290955112448_,2018-01-30T01:22:06-05:00,"RT @KeiraSoleore The State of OUR Union speakers will include: @RepJayapal @CecileRichards Tarana Burke, Ai-Jen Poo, Alicia Garza, and many others. 

Watch online at this website that Twitter is not allowing me to tweet:  the state of our union .org",Twitter for iPad
958939298719588352_,TeamPelosi,2461810448_,2018-02-01T00:45:19-05:00,"This is more than a ‚ÄúTwitter moment.‚Äù https://twitter.com/twittermoments/status/958927006451683328 QT @TwitterMoments According to the @nytimes, a former Trump spokesman is expected to tell Robert Mueller about a conference call that led him to believe that Hope Hicks ""could be contemplating obstructing justice."" https://twitter.com/i/moments/958916355587108866",Twitter for iPhone
958937682905837568_,TeamPelosi,2461810448_,2018-02-01T00:38:54-05:00,"@TheBeatWithAri @jonathanchait He‚Äôs also Trump‚Äôs stooge leading the reckless cover up. Make note of that, Ari.",Twitter for iPhone
958934440050388992_,MurrayCampaign,158470209_,2018-02-01T00:26:01-05:00,"""A survivor's right to justice should not be impacted by her geography"" ‚Äì @LeahGriffin https://www.bustle.com/p/who-is-leah-griffin-patty-murrays-sotu-guest-is-on-a-mission-8060259",Sprout Social
958933078289784832_,tedlieu,21059255_,2018-02-01T00:20:36-05:00,"My prediction: When Dem memo gets released or reporters get the truth, the public will know Devin Nunes &amp; the White House misled the American people. Just like the stunt Nunes pulled last year. Nunes will then have to recuse himself from his current recusal. Like recusal squared. https://twitter.com/NateSilver538/status/958760381471698947 QT @NateSilver538 To make a not-very-daring prediction, it seems like the public release of the Nunes memo would lead to lots and lots and lots of leaks from people who want to get the other side of the story out.",Twitter for Android
958931829037391872_,TeamPelosi,2461810448_,2018-02-01T00:15:38-05:00,"We know you‚Äôre desperate to hide the thousands of layoffs or your $500,000.00 gift the Koch Brothers passed along as a result of the #GOPTaxScam. 

Paul, try harder. https://twitter.com/pryan/status/958467363552288769 QT @PRyan Bad news for Nancy Pelosi and Chuck Schumer: The good news from the tax cuts is going to be bigger and more powerful in the months ahead. http://thehill.com/opinion/finance/371349-democrats-panic-over-avalanche-of-good-economic-news",Twitter for iPhone
958930842839060482_,GKButterfield,432676344_,2018-02-01T00:11:43-05:00,"RT @PittDems Watch the replay of Congressman @GKButterfield's Facebook broadcast earlier today, which includes his response to yesterday‚Äôs State of the Union. #SOTU #PittCounty https://twitter.com/gkbutterfield/status/958781842865426432 QT @GKButterfield Happening Now: I'm LIVE on Facebook to answer your questions and discuss President Trump's first year in office.  Tune in now: https://www.facebook.com/congressmangkbutterfield/videos/1636868303015894/",Twitter for iPhone
958929173405462528_,USProgressives,246088673_,2018-02-01T00:05:05-05:00,"RT @SenWarren Payday lenders contributed over $60k to @MickMulvaneyOMB‚Äôs political campaigns. Now at the CFPB, Mulvaney is protecting predatory lenders instead of consumers. @RepMaxineWaters &amp; I want to know if that‚Äôs more than coincidence. http://pbs.twimg.com/media/DU5tUklXkAEUnV-.jpg http://pbs.twimg.com/media/DU5tUkoWkAAZkvT.jpg http://pbs.twimg.com/media/DU5tUkiWsAEDA0c.jpg http://pbs.twimg.com/media/DU5tUktW0AIpqiB.jpg",Twitter for iPhone
958927942121410560_,RepRichHudson,935033864_,2018-02-01T00:00:12-05:00,"RT @VP Businesses large and small have already committed to invest an extra $425 billion to expand, innovate, &amp; create new jobs. And 3 million American workers have gotten a bonus. But some are calling these raises &amp; bonuses, ‚ÄúCRUMBS.‚Äù http://pbs.twimg.com/ext_tw_video_thumb/958893054483714048/pu/img/gpqOLgmi0WuJnZxp.jpg https://video.twimg.com/ext_tw_video/958893054483714048/pu/vid/320x180/F6rUTtm-sCdOc8NJ.mp4",Twitter for iPhone
958947449082703872_,LacyClayMO1,584912320_,2018-02-01T01:17:42-05:00,"RT @nowthisnews ‚ÄòYou claim to be the party of law and order, yet regularly attack Department of Justice officials and FBI agents.‚Äô ‚Äî Rep. Hakeem Jeffries brilliantly exposed the GOP‚Äôs hypocrisy on almost every issue http://pbs.twimg.com/media/DU4UIN-X4AA6h-a.jpg https://video.twimg.com/amplify_video/958721633644109824/vid/240x240/eA7rf2dJwcCCfI9m.mp4",Twitter for iPad
958579825656164354_,SenatorLankford,225921757_,2018-01-31T00:56:54-05:00,"Remarkable #SOTU speech tonight from the @POTUS. In addition to touting #TaxReform &amp; growing economy, he highlighted the power of everyday people who changed the world by serving others. I also appreciate his call for Congress to embrace unity. https://www.lankford.senate.gov/news/press-releases/senator-lankford-statement-on-president-trumps-state-of-the-union-address",Twitter for iPhone
958579746736103425_,repdonyoung,37007274_,2018-01-31T00:56:35-05:00,"Tonight, President Trump delivered his first #StateoftheUnion address. Now, it's up to Congress to act on many of the issues the President discussed tonight. I believe this speech was good news for Alaskans and we have many positive projects to look forward to. http://pbs.twimg.com/ext_tw_video_thumb/958579389788295173/pu/img/BCVKJGILKGkHHcXo.jpg https://video.twimg.com/ext_tw_video/958579389788295173/pu/vid/320x180/yo7P7o5kJkl2OCr0.mp4",Twitter Web Client
958578843039694848_,RepLipinski,1009269193_,2018-01-31T00:53:00-05:00,"Thanks again to my #SOTU guests Faith Ann Rys and Michael Taylor.  Through your hard work and determination, you are truly making a difference. http://pbs.twimg.com/media/DU2NmgdXUAArkkz.jpg http://pbs.twimg.com/media/DU2NoQjW4AAkRcJ.jpg",Twitter Web Client
958578804083122184_,NormaJTorres,236279233_,2018-01-31T00:52:51-05:00,My statement on President Trump's #SOTU Address: https://torres.house.gov/media-center/press-releases/torres-statement-trump-s-state-union-address http://pbs.twimg.com/media/DU2OR_GWkAAaubu.jpg,Twitter Web Client
958578481343975424_,RepJoshG,815310506596691968_,2018-01-31T00:51:34-05:00,"@POTUS I also agreed with the President‚Äôs tough stand on terror. It‚Äôs clear that the President takes the murder of Darren Drake seriously, and I‚Äôm looking forward to working with him to combat lone wolf, ISIS-inspired terror by passing the Darren Drake Act.",Twitter for iPhone
958578424481767424_,RepJoshG,815310506596691968_,2018-01-31T00:51:20-05:00,"Today, I was pleased to hear @POTUS reach out to both Democrats &amp; Republicans, to solve our nation‚Äôs greatest challenges, including helping to create new jobs &amp; economic growth, cut outdated regulations, strand by our first responders &amp; fix our crumbling roads, bridges &amp; tunnels.",Twitter for iPhone
958578121208483841_,Rosa_DeLauro,893496121_,2018-01-31T00:50:08-05:00,"On a range of issues facing our nation, President Trump has failed to govern responsibly. His #sotu speech has done nothing but double down on failed policies ‚Äîwhile creating distractions ‚Äî and outright lying to the American people. üö´",Twitter for iPhone
958577943462150145_,TeamPelosi,2461810448_,2018-01-31T00:49:25-05:00,".@realDonaldTrump may have painfully tried to deceive the American people into thinking he's not an unstable person, but no one's falling for it.

Rep. Joe Kennedy, on the other hand, embodied our values as a country and exemplified the optimism that Americans are seeking. #SOTU",Twitter Web Client
958577932670259201_,RepSwalwell,942156122_,2018-01-31T00:49:23-05:00,Which @realDonaldTrump will we see tomorrow? Deeds that match his #sotu words calling for bipartisan #ImmigrationReform? Or more chaos?,Twitter for iPhone
957125920959160320_,LacyClayMO1,584912320_,2018-01-27T00:39:36-05:00,"RT @mkraju Feinstein fires off letters to a host of current and former White House aides, including Don McGahn, Sean Spicer and Stephen Miller, asking for documents and interviews in Russia probe",Twitter for iPad
957125813387845634_,LacyClayMO1,584912320_,2018-01-27T00:39:11-05:00,"RT @TeamPelosi He is. https://twitter.com/thehill/status/957122517986107392 QT @thehill Nunes‚Äô hometown paper torches him over classified memo: He‚Äôs Trump‚Äôs ""stooge"" http://thehill.com/homenews/house/371012-nunes-ripped-by-hometown-papers-editorial-board-hes-doing-dirty-work-to http://pbs.twimg.com/media/DUhh2yjWAAAODAO.jpg",Twitter for iPad
957125782098374656_,LacyClayMO1,584912320_,2018-01-27T00:39:03-05:00,"RT @IndivisibleTeam House Rs voted to gut the Dodd-Frank Wall Street reform law this past summer with legislation called the ‚ÄúFinancial Choice Act.‚Äù 

Tell your Senator to vote NO on the deceivingly-titled ‚ÄúEconomic Growth, Regulatory Relief, and Consumer Protection Act‚Äù https://www.indivisible.org/resource/republicans-planning-unravel-wall-street-reform/",Twitter for iPad
957125646278385664_,LacyClayMO1,584912320_,2018-01-27T00:38:31-05:00,"RT @AC360 Democrat Sen. Cory Booker: President Trump is displaying ""authoritarian tendencies"" that ""destroy the norms of our democracy"" http://pbs.twimg.com/amplify_video_thumb/957060085393457152/img/wKoqqO3FJLAkKvMY.jpg https://video.twimg.com/amplify_video/957060085393457152/vid/320x180/7xoZaMF1Chm9_W5R.mp4",Twitter for iPad
957125615987064832_,LacyClayMO1,584912320_,2018-01-27T00:38:24-05:00,"RT @ananavarro Ted Cruz is the son of a Cuban immigrant. But maybe when Cruz looks in the mirror, he sees a Norwegian. ü§∑üèª‚Äç‚ôÄÔ∏è https://twitter.com/thehill/status/956679856271577089 QT @thehill Cruz breaks with Trump, opposes path to citizenship for Dreamers http://thehill.com/latino/370771-cruz-no-path-to-citizenship-for-dreamers http://pbs.twimg.com/media/DUbPQiwXUAAMXPe.jpg",Twitter for iPad
957124530501234689_,TeamPelosi,2461810448_,2018-01-27T00:34:05-05:00,"He is. https://twitter.com/thehill/status/957122517986107392 QT @thehill Nunes‚Äô hometown paper torches him over classified memo: He‚Äôs Trump‚Äôs ""stooge"" http://thehill.com/homenews/house/371012-nunes-ripped-by-hometown-papers-editorial-board-hes-doing-dirty-work-to?__twitter_impression=true http://pbs.twimg.com/media/DUhh2yjWAAAODAO.jpg",Twitter for iPhone
957122179396751360_,RepComstock,2933760046_,2018-01-27T00:24:44-05:00,RT @micheledarwin @RepComstock Thank you for co-sponsoring BOLD Infrastructure for Alzheimer's Act! Your constituents appreciate you working in a bipartisan fashion to address Alzheimer's as a public health crisis! #ENDALZ #BOLDAlzheimersAct #VA10 http://pbs.twimg.com/media/DUeUhlpWkAEyNL_.jpg,Twitter Web Client
957121959967494144_,TeamPelosi,2461810448_,2018-01-27T00:23:52-05:00,"Hannity: NYT is lying to you; don‚Äôt believe them. 

[After commercial break]

Hannity: OK, maybe NYT isn‚Äôt lying to you. What they said is true, but we at Fox News don‚Äôt want to cover it. https://twitter.com/arimelber/status/956700258695876609 QT @AriMelber WH lawyer is NOT currently denying this NYT report. He declines to comment. 

There is no apparent legal reason a WH would need to refrain from denying an attempt to (perhaps unlawfully) have a special counsel fired. https://www.nytimes.com/2018/01/25/us/politics/trump-mueller-special-counsel-russia.html",Twitter for iPhone
957121624817446912_,BetoORourke,342863309_,2018-01-27T00:22:32-05:00,"Looking forward to being back with you again soon, DFW. http://pbs.twimg.com/media/DUhhCMiU8AA5MEQ.jpg http://pbs.twimg.com/media/DUhhCMfVwAErDAc.jpg http://pbs.twimg.com/media/DUhhCMqVMAItKed.jpg http://pbs.twimg.com/media/DUhhCMjVQAAtbR4.jpg",Twitter for iPhone
